Year,USD_per_EUR,FX_Return_USD_to_EUR_Pct,sp500_USD_Pct,sp500_EUR_Pct,gold_USD_Pct,gold_EUR_Pct,bitcoin_USD_Pct,bitcoin_EUR_Pct,msci_world_USD_Pct,msci_world_EUR_Pct,msci_em_USD_Pct,msci_em_EUR_Pct,reit_us_USD_Pct,reit_us_EUR_Pct,russell2000_USD_Pct,russell2000_EUR_Pct,tbills_us_USD_Pct,tbills_us_EUR_Pct,us_total_market_USD_Pct,us_total_market_EUR_Pct,highyield_us_USD_Pct,highyield_us_EUR_Pct,us_lt_govt_bonds_USD_Pct,us_lt_govt_bonds_EUR_Pct
1961,1.3387,-0.059759,26.89,26.814171,-0.06,-0.119724,,,,,,,,,,,2.35,2.288836,27.47,27.393825,,,0.97,0.909661
1962,1.3387,0.000000,-8.73,-8.730000,-0.06,-0.060000,,,,,,,,,,,2.77,2.770000,-10.52,-10.520000,,,6.89,6.890000
1963,1.3382,0.037364,22.8,22.845883,-0.4,-0.362786,,,,,,,,,,,3.16,3.198544,21.52,21.565404,,,1.21,1.247816
1964,1.3387,-0.037350,16.48,16.436495,0.03,-0.007361,,,,,,,,,,,3.55,3.511324,16.52,16.476480,,,3.51,3.471339
1965,1.3382,0.037364,12.45,12.492015,0.06,0.097386,,,,,,,,,,,3.95,3.988839,14.86,14.902916,,,0.71,0.747629
1966,1.3246,1.026725,-10.06,-9.136563,0.03,1.057033,,,,,,,,,,,4.86,5.936624,-9.39,-8.459684,,,3.65,4.714201
1967,1.3365,-0.890385,23.98,22.876100,-0.51,-1.395844,,,,,,,,,,,4.29,3.361417,29.73,28.574903,,,-9.19,-9.998559
1968,1.3257,0.814664,11.06,11.964766,12.48,13.396334,,,,,,,,,,,5.34,6.198167,14.46,15.392464,,,-0.26,0.552546
1969,1.1802,12.328419,-8.5,2.780503,5.01,17.956073,,,0,12.328419,,,,,,,6.67,19.820724,-12.11,-1.274553,,,-5.08,6.622135
1970,1.1883,-0.681646,4.01,3.301020,-12.75,-13.344736,,,-1.98,-2.648149,,,,,,,6.39,5.664797,-0.39,-1.068988,,,12.11,11.345807
1971,1.2556,-5.359987,14.31,8.182999,12.77,6.725542,,,19.56,13.151599,,,0,-5.359987,,,4.33,-1.262075,16.69,10.435431,,,13.23,7.160886
1972,1.2799,-1.898586,18.98,16.721063,43.81,41.079644,,,23.55,21.204297,,,8.01,5.959337,,,4.06,2.084332,17.39,15.161250,,,5.69,3.683385
1973,1.3933,-8.138951,-14.66,-21.605781,66.68,53.113997,,,-14.51,-21.467989,,,-15.52,-22.395786,,,7.04,-1.671933,-21.06,-27.484888,,,-1.11,-9.158608
1974,1.4759,-5.596585,-26.47,-30.585169,58.14,49.289560,,,-24.48,-28.706541,,,-21.4,-25.798916,,,7.85,1.814083,-30.61,-34.493470,,,4.35,-1.490037
1975,1.4624,0.923140,37.2,38.466548,4.45,5.414220,,,34.5,35.741623,,,19.3,20.401306,,,5.79,6.766590,40.12,41.413504,,,9.2,10.208069
1976,1.3199,10.796272,23.84,37.210104,-22.46,-14.088570,,,14.71,27.094404,,,47.59,63.524219,,,4.98,16.313927,28.1,41.930025,,,16.75,29.354648
1977,1.3940,-5.315638,-7.18,-12.113976,18.52,12.219905,,,5,-0.581420,,,22.42,15.912595,,,5.26,-0.335241,-3.56,-8.686402,,,-0.69,-5.968961
1978,1.5692,-11.164925,6.56,-5.337344,30.81,16.205162,,,18.22,5.020826,,,10.34,-1.979378,0,-11.164925,7.18,-4.786566,8.28,-3.809381,,,-1.18,-12.213179
1979,1.6318,-3.836254,18.44,13.896340,58.23,52.159895,,,12.67,8.347692,,,35.86,30.648065,41.43,36.004385,10.05,5.828202,24.83,20.041204,,,-1.23,-5.019069
1980,1.4526,12.336500,32.42,48.755993,100.98,125.773898,,,27.72,43.476178,,,24.37,39.712905,37.13,54.047043,11.39,25.131627,35.86,52.620369,,,-3.95,7.899208
1981,1.1412,27.287066,-4.91,21.037271,-25.2,-4.789274,,,-3.3,23.086593,,,6,34.924290,0.95,28.496293,14.04,45.158170,-6.09,19.535284,,,1.86,29.654606
1982,0.9754,16.998155,21.55,42.211257,-18.26,-4.365708,,,11.27,30.183847,,,21.6,42.269756,23.69,44.715017,11.09,29.973250,22.32,43.112143,,,40.36,64.218610
1983,0.7858,24.128277,22.56,52.131616,12.77,39.979458,,,23.28,53.025340,,,30.64,62.161181,29.45,60.684054,8.95,35.237758,23.76,53.621156,,,0.65,24.935111
1984,0.6838,14.916642,6.27,22.121916,-14.86,-2.159971,,,5.77,21.547333,,,20.93,38.968696,-7.34,6.481761,9.92,26.316373,3.2,18.593975,,,15.48,32.705739
1985,0.8676,-21.184878,31.73,3.823160,-12.19,-30.792441,,,41.77,11.736199,,,19.1,-6.131189,31.16,3.373914,7.72,-15.100350,34.55,6.045747,,,30.97,3.224166
1986,1.0162,-14.623106,18.67,1.316760,16.09,-0.885963,,,42.8,21.918205,,,19.16,1.735107,6.03,-9.474879,6.15,-9.372427,16.9,-0.194411,0,-14.623106,24.53,6.319846
1987,1.2284,-17.274503,5.25,-12.931415,21.47,0.486661,,,16.76,-3.409710,0,-17.274503,-3.64,-20.285711,-9.02,-24.736343,5.96,-12.344064,1.39,-16.124619,4.47,-13.576674,-2.71,-19.516364
1988,1.0826,13.467578,16.61,32.314543,-2.24,10.925904,,,23.95,40.643063,40.43,59.342520,13.49,28.774354,24.83,41.641578,6.89,21.285494,18.63,34.606588,13.36,28.626846,9.67,24.439893
1989,1.1333,-4.473661,31.69,25.798636,-12.81,-16.710585,,,17.19,11.947317,64.96,57.580249,8.84,3.970867,16.49,11.278632,8.39,3.540999,30.58,24.738293,2.31,-2.267003,18.11,12.826159
1990,1.2789,-11.384784,-3.1,-14.131856,0.66,-10.799923,,,-16.52,-26.024018,-10.55,-20.733689,-15.35,-24.987219,-19.88,-29.001489,7.75,-4.517105,-7.23,-17.791664,-4.36,-15.248407,6.18,-5.908363
1991,1.2663,0.995025,30.47,31.768209,-5.58,-4.640498,,,18.97,20.153781,59.91,61.501144,35.7,37.050249,46.27,47.725423,5.54,6.590149,36.41,37.767313,39.17,40.554776,19.3,20.487065
1992,1.1912,6.304567,7.62,14.404975,-5.05,0.936186,,,-4.66,1.350774,11.4,18.423287,14.59,21.814403,18.45,25.917759,3.51,10.035857,9.96,16.892502,17.44,24.844083,8.05,14.862084
1993,1.1126,7.064534,10.08,17.856639,4.64,12.032328,,,23.13,31.828560,74.84,87.191630,19.65,28.102714,19.11,27.524566,3.07,10.351415,11.35,19.216358,16.7,24.944311,18.24,26.593104
1994,1.2270,-9.323553,1.32,-8.126624,6.73,-3.221029,,,5.58,-4.263808,-7.32,-15.961069,3.17,-6.449110,-1.44,-10.629294,4.37,-5.360993,-0.36,-9.649989,-1.04,-10.266588,-7.77,-16.369113
1995,1.3387,-8.343916,37.58,26.100441,-0.05,-8.389744,,,21.32,11.197161,-5.21,-13.119198,15.27,5.651968,28.45,17.732240,5.66,-3.156181,38.57,27.007836,20.46,10.408919,31.67,20.683566
1996,1.2525,6.882236,22.96,31.422397,1.05,8.004499,,,14,21.845749,6.03,13.327234,35.27,44.579600,16.49,24.507116,5.15,12.386671,22,30.396327,11.27,18.927863,-0.93,5.888231
1997,1.0954,14.341793,33.36,52.486215,-14.65,-2.409280,,,16.23,32.899466,-11.59,1.089579,20.26,37.507440,22.36,39.908618,5.2,20.287566,32.59,51.605783,13.27,29.514949,15.85,32.464967
1998,1.1668,-6.119301,28.58,20.711803,-11.11,-16.549446,,,24.8,17.163113,-25.34,-29.908670,-17.5,-22.548423,-2.55,-8.513258,4.91,-1.509758,25.27,17.604352,2.95,-3.349820,13.06,6.141519
1999,1.0046,16.145730,21.04,40.582791,-5.19,10.117766,,,25.34,45.577058,66.41,93.278109,-4.62,10.779797,21.26,40.838312,4.78,21.697496,26.21,46.587525,2.51,19.060987,-8.96,5.739072
2000,0.9305,7.963461,-9.1,-1.861214,0.05,8.017442,,,-12.92,-5.985419,-30.61,-25.084155,26.37,36.433425,-3.02,4.702964,6,14.441268,-12.75,-5.801881,-5.12,2.435731,21.48,31.154012
2001,0.8813,5.582662,-11.89,-6.971117,-2.89,2.531323,,,-16.52,-11.859594,-2.37,3.080353,13.93,20.290327,2.49,8.211670,3.48,9.256939,-11.96,-7.045024,4.48,10.312765,3.7,9.489220
2002,1.0487,-15.962620,-22.1,-34.534881,14.28,-3.962083,,,-19.54,-32.383524,-6,-21.004863,3.82,-12.752392,-20.48,-33.173476,1.64,-14.584407,-21.49,-34.022253,-1.89,-17.550927,17.84,-0.970352
2003,1.2630,-16.967538,28.68,6.846173,17.32,-2.586315,,,33.76,11.064222,56.28,29.763132,37.13,13.862416,47.25,22.265301,1.03,-16.112303,32.08,9.669276,28.15,6.406101,1.45,-15.763567
2004,1.3621,-7.275530,10.88,2.812892,12.75,4.546839,,,15.25,6.864951,25.95,16.786469,31.58,22.006857,18.33,9.720865,1.4,-5.977388,12.05,3.897768,10.87,2.803619,8.51,0.615322
2005,1.1797,15.461558,4.91,21.130721,8.55,25.333521,,,10.02,27.030806,34.54,55.341980,12.16,29.501683,4.55,20.715059,3.22,19.179420,6.16,22.573990,2.74,18.625205,7.81,24.479106
2006,1.3170,-10.425209,15.79,3.718651,35.68,21.535077,,,20.65,8.071986,32.55,18.731386,35.06,20.979713,18.37,6.029680,4.85,-6.080831,15.91,3.826140,11.77,0.117744,1.19,-9.359269
2007,1.4721,-10.535969,5.49,-5.624394,15.23,3.089403,,,9.57,-1.974261,39.82,25.088608,-15.69,-24.572875,-1.57,-11.940554,4.48,-6.527980,5.75,-5.391787,2.19,-8.576707,9.88,-1.696923
2008,1.3917,5.777107,-37,-33.360423,25.4,32.644492,,,-40.33,-36.882800,-53.18,-50.475158,-37.73,-34.132595,-33.79,-29.964977,1.4,7.257987,-37.35,-33.730642,-26.39,-22.137471,25.87,33.141645
2009,1.4406,-3.394419,26.46,22.167418,11.51,7.724883,,,30.79,26.350439,79.02,72.943311,27.99,23.645483,27.17,22.853317,0.15,-3.249511,28.39,24.031905,57.51,52.163451,-14.9,-17.788651
2010,1.3362,7.813202,15.06,24.049870,25.94,35.779946,,,12.34,21.117351,19.2,28.513336,27.95,37.946991,26.85,36.761046,0.14,7.964140,17.51,26.691293,15.19,24.190027,10.14,18.745460
2011,1.2939,3.269186,2.11,5.448166,28.34,32.535674,,,-5.02,-1.914927,-18.17,-15.494825,8.28,11.819875,-4.18,-1.047466,0.05,3.320821,0.48,3.764878,4.38,7.792377,33.96,38.339402
2012,1.3194,-1.932697,16,13.758072,6.2,4.147476,,,16.54,14.287635,18.63,16.337242,19.7,17.386562,16.35,14.101307,0.09,-1.844436,16.34,14.091501,15.58,13.346189,2.6,0.617053
2013,1.3791,-4.328910,32.39,26.658956,-15.45,-19.110094,0,-4.328910,27.37,21.856267,-2.27,-6.500644,2.86,-1.592717,38.82,32.810607,0.06,-4.271508,35.23,29.376015,7.42,2.769885,-13.4,-17.148836
2014,1.2141,13.590314,13.69,29.140828,-10.26,1.935948,-57.54,-51.769553,5.5,19.837781,-1.82,11.522970,28.03,45.429679,4.89,19.144880,0.03,13.624391,11.73,26.914458,2.5,16.430072,27.3,44.600469
2015,1.0887,11.518325,1.38,13.057277,-8.36,2.195393,34.47,49.958691,-0.32,11.161466,-14.6,-4.763351,2.83,14.674293,-4.41,6.600366,0.05,11.574084,0.11,11.640995,-4.64,6.343874,-1.8,9.510995
2016,1.0541,3.282421,11.96,15.634999,7.76,11.297137,123.83,131.177043,8.15,11.699938,11.6,15.263182,8.63,12.195694,21.31,25.291905,0.32,3.612925,13.53,17.256533,17.49,21.346516,1.2,4.521810
2017,1.1993,-12.107062,21.83,7.079966,0.51,-11.658808,1368.91,1191.068149,23.07,8.169838,37.75,21.072521,8.67,-4.486745,14.65,0.769253,0.95,-11.272080,22.48,7.651270,7.48,-5.532671,9.2,-4.020912
2018,1.1450,4.742358,-4.38,0.154643,0.9,5.685039,-73.56,-72.306121,-8.2,-3.846515,-14.24,-10.172954,-4.04,0.510767,-11.01,-6.789776,1.97,6.805783,-5.25,-0.756616,-2.27,2.364707,-1.6,3.066480
2019,1.1234,1.922735,31.49,34.018204,9.78,11.890778,92.2,95.895496,28.4,30.868791,18.88,21.165747,28.66,31.133790,25.52,27.933416,2.11,4.073304,31.04,33.559551,14.41,16.609801,14.1,16.293840
2020,1.2271,-8.450819,18.4,8.394230,27.08,16.340699,303.16,269.089678,16.5,6.654796,18.69,8.659723,-5.12,-13.138137,19.96,9.822398,0.36,-8.121242,24.22,13.722393,6.17,-2.802235,18.1,8.119583
2021,1.1326,8.343634,28.71,39.449091,1.64,10.120470,59.67,72.992281,22.35,32.558436,-2.22,5.938405,41.3,53.089555,14.82,24.400161,0.04,8.386972,23.61,33.923566,5.36,14.150853,-4.6,3.359827
2022,1.0666,6.187887,-18.11,-13.042740,0.08,6.272837,-64.27,-62.059068,-17.73,-12.639226,-19.74,-14.773602,-24.95,-20.305991,-20.44,-15.516917,2.09,8.407214,-19.52,-14.539989,-11.22,-5.726394,-31.2,-26.942734
2023,1.1050,-3.475113,26.29,21.901280,7.93,4.179310,155.42,146.543866,24.42,20.096264,10.27,6.437993,11.36,7.490114,16.93,12.866550,5.28,1.621401,26.05,21.669620,13.46,9.517137,2.8,-0.772416
2024,1.0389,6.362499,25.02,32.974396,23.27,31.113052,121.05,135.114304,19.19,26.773462,8.05,14.924680,4.92,11.595534,11.54,18.636731,5.18,11.872076,23.81,31.687410,8.2,15.084224,-8.1,-2.252864
2025,1.1750,-11.582979,17.88,4.225985,43.42,26.807692,-5.35,-16.313289,21.6,7.515098,34.36,18.797110,2.27,-9.575912,12.81,-0.256758,4.21,-7.860622,17.1,3.536332,8.5,-4.067532,4.3,-7.781047
