Year,Price,CPI,Nominal_Return,Inflation,Real_Return
2013,754.01,232.957,,,
2014,320.19,236.736,-57.54,1.62,-58.21
2015,430.57,237.017,34.47,0.12,34.31
2016,963.74,240.007,123.83,1.26,121.04
2017,14156.44,245.120,1368.91,2.13,1338.27
2018,3742.70,251.107,-73.56,2.44,-74.19
2019,7193.60,255.657,92.20,1.81,88.78
2020,29001.72,258.811,303.16,1.23,298.25
2021,46306.45,270.970,59.67,4.70,52.50
2022,16547.50,292.655,-64.27,8.00,-66.91
2023,42265.19,304.702,155.42,4.12,145.32
2024,93429.20,313.689,121.05,2.95,114.72
2025,88429.59,321.943,-5.35,2.63,-7.78
