Year,Inflation_Dec_Dec_Pct,Source,Method
1960,3.582555,OECD_CPALTT01FRM657N,compounded_monthly_rates
1961,3.984962,OECD_CPALTT01FRM657N,compounded_monthly_rates
1962,4.238108,OECD_CPALTT01FRM657N,compounded_monthly_rates
1963,5.113078,OECD_CPALTT01FRM657N,compounded_monthly_rates
1964,2.151543,OECD_CPALTT01FRM657N,compounded_monthly_rates
1965,2.838828,OECD_CPALTT01FRM657N,compounded_monthly_rates
1966,2.760463,OECD_CPALTT01FRM657N,compounded_monthly_rates
1967,3.379549,OECD_CPALTT01FRM657N,compounded_monthly_rates
1968,5.280805,OECD_CPALTT01FRM657N,compounded_monthly_rates
1969,5.891720,OECD_CPALTT01FRM657N,compounded_monthly_rates
1970,4.946662,OECD_CPALTT01FRM657N,compounded_monthly_rates
1971,5.986261,OECD_CPALTT01FRM657N,compounded_monthly_rates
1972,6.944444,OECD_CPALTT01FRM657N,compounded_monthly_rates
1973,8.484848,OECD_CPALTT01FRM657N,compounded_monthly_rates
1974,15.163607,OECD_CPALTT01FRM657N,compounded_monthly_rates
1975,9.632710,OECD_CPALTT01FRM657N,compounded_monthly_rates
1976,9.860936,OECD_CPALTT01FRM657N,compounded_monthly_rates
1977,8.975834,OECD_CPALTT01FRM657N,compounded_monthly_rates
1978,9.714889,OECD_CPALTT01FRM657N,compounded_monthly_rates
1979,11.790183,OECD_CPALTT01FRM657N,compounded_monthly_rates
1980,13.732426,OECD_CPALTT01FRM657N,compounded_monthly_rates
1981,13.891532,OECD_CPALTT01FRM657N,compounded_monthly_rates
1982,9.690894,OECD_CPALTT01FRM657N,compounded_monthly_rates
1983,9.291698,OECD_CPALTT01FRM657N,compounded_monthly_rates
1984,6.689895,OECD_CPALTT01FRM657N,compounded_monthly_rates
1985,4.702809,OECD_CPALTT01FRM657N,compounded_monthly_rates
1986,2.121023,OECD_CPALTT01FRM657N,compounded_monthly_rates
1987,3.115455,OECD_CPALTT01FRM657N,compounded_monthly_rates
1988,3.080569,OECD_CPALTT01FRM657N,compounded_monthly_rates
1989,3.563218,OECD_CPALTT01FRM657N,compounded_monthly_rates
1990,3.055406,OECD_CPALTT01FRM657N,compounded_monthly_rates
1991,3.017873,OECD_CPALTT01FRM657N,compounded_monthly_rates
1992,1.905575,OECD_CPALTT01FRM657N,compounded_monthly_rates
1993,2.107173,OECD_CPALTT01FRM657N,compounded_monthly_rates
1994,1.585349,OECD_CPALTT01FRM657N,compounded_monthly_rates
1995,2.085295,OECD_CPALTT01FRM657N,compounded_monthly_rates
1996,1.660517,OECD_CPALTT01FRM657N,compounded_monthly_rates
1997,1.140783,OECD_CPALTT01FRM657N,compounded_monthly_rates
1998,0.217893,OECD_CPALTT01FRM657N,compounded_monthly_rates
1999,1.253400,INSEE_001759970,December_index_ratio
2000,1.642000,INSEE_001759970,December_index_ratio
2001,1.354500,INSEE_001759970,December_index_ratio
2002,2.268300,INSEE_001759970,December_index_ratio
2003,2.182000,INSEE_001759970,December_index_ratio
2004,2.076700,INSEE_001759970,December_index_ratio
2005,1.597700,INSEE_001759970,December_index_ratio
2006,1.493400,INSEE_001759970,December_index_ratio
2007,2.586100,INSEE_001759970,December_index_ratio
2008,0.999700,INSEE_001759970,December_index_ratio
2009,0.914500,INSEE_001759970,December_index_ratio
2010,1.759100,INSEE_001759970,December_index_ratio
2011,2.462000,INSEE_001759970,December_index_ratio
2012,1.329200,INSEE_001759970,December_index_ratio
2013,0.706400,INSEE_001759970,December_index_ratio
2014,0.060100,INSEE_001759970,December_index_ratio
2015,0.180300,INSEE_001759970,December_index_ratio
2016,0.609800,INSEE_001759970,December_index_ratio
2017,1.192300,INSEE_001759970,December_index_ratio
2018,1.590600,INSEE_001759970,December_index_ratio
2019,1.459400,INSEE_001759970,December_index_ratio
2020,-0.019100,INSEE_001759970,December_index_ratio
2021,2.753400,INSEE_001759970,December_index_ratio
2022,5.850700,INSEE_001759970,December_index_ratio
2023,3.705300,INSEE_001759970,December_index_ratio
2024,1.317700,INSEE_001759970,December_index_ratio
2025,0.792000,INSEE_001759970,December_index_ratio
