Year,Date,FRF_per_USD,Source,ObservationType
1960,1960-12-01,4.9029,derived_from_OECD_CCUSSP01FRM650N,EUR_FRF_fixed_conversion
1961,1961-12-01,4.9000,derived_from_OECD_CCUSSP01FRM650N,EUR_FRF_fixed_conversion
1962,1962-12-01,4.9000,derived_from_OECD_CCUSSP01FRM650N,EUR_FRF_fixed_conversion
1963,1963-12-01,4.9018,derived_from_OECD_CCUSSP01FRM650N,EUR_FRF_fixed_conversion
1964,1964-12-01,4.9000,derived_from_OECD_CCUSSP01FRM650N,EUR_FRF_fixed_conversion
1965,1965-12-01,4.9018,derived_from_OECD_CCUSSP01FRM650N,EUR_FRF_fixed_conversion
1966,1966-12-01,4.9521,derived_from_OECD_CCUSSP01FRM650N,EUR_FRF_fixed_conversion
1967,1967-12-01,4.9080,derived_from_OECD_CCUSSP01FRM650N,EUR_FRF_fixed_conversion
1968,1968-12-01,4.9480,derived_from_OECD_CCUSSP01FRM650N,EUR_FRF_fixed_conversion
1969,1969-12-01,5.5580,derived_from_OECD_CCUSSP01FRM650N,EUR_FRF_fixed_conversion
1970,1970-12-01,5.5201,derived_from_OECD_CCUSSP01FRM650N,EUR_FRF_fixed_conversion
1971,1971-12-01,5.3947,FRED_EXFRUS,December_monthly_average
1972,1972-12-01,5.0873,FRED_EXFRUS,December_monthly_average
1973,1973-12-01,4.5971,FRED_EXFRUS,December_monthly_average
1974,1974-12-01,4.5240,FRED_EXFRUS,December_monthly_average
1975,1975-12-01,4.4587,FRED_EXFRUS,December_monthly_average
1976,1976-12-01,4.9864,FRED_EXFRUS,December_monthly_average
1977,1977-12-01,4.7982,FRED_EXFRUS,December_monthly_average
1978,1978-12-01,4.3162,FRED_EXFRUS,December_monthly_average
1979,1979-12-01,4.0629,FRED_EXFRUS,December_monthly_average
1980,1980-12-01,4.5617,FRED_EXFRUS,December_monthly_average
1981,1981-12-01,5.7141,FRED_EXFRUS,December_monthly_average
1982,1982-12-01,6.8548,FRED_EXFRUS,December_monthly_average
1983,1983-12-01,8.3839,FRED_EXFRUS,December_monthly_average
1984,1984-12-01,9.5083,FRED_EXFRUS,December_monthly_average
1985,1985-12-01,7.6849,FRED_EXFRUS,December_monthly_average
1986,1986-12-01,6.5296,FRED_EXFRUS,December_monthly_average
1987,1987-12-01,5.5375,FRED_EXFRUS,December_monthly_average
1988,1988-12-01,5.9994,FRED_EXFRUS,December_monthly_average
1989,1989-12-01,5.9391,FRED_EXFRUS,December_monthly_average
1990,1990-12-01,5.0895,FRED_EXFRUS,December_monthly_average
1991,1991-12-01,5.3406,FRED_EXFRUS,December_monthly_average
1992,1992-12-01,5.3974,FRED_EXFRUS,December_monthly_average
1993,1993-12-01,5.8477,FRED_EXFRUS,December_monthly_average
1994,1994-12-01,5.4132,FRED_EXFRUS,December_monthly_average
1995,1995-12-01,4.9565,FRED_EXFRUS,December_monthly_average
1996,1996-12-01,5.2427,FRED_EXFRUS,December_monthly_average
1997,1997-12-01,5.9542,FRED_EXFRUS,December_monthly_average
1998,1998-12-01,5.5981,FRED_EXFRUS,December_monthly_average
