Year,Date,USD_per_EUR,Source,ObservationType
1960,1960-12-01,1.3379,OECD_CCUSSP01FRM650N,December_observation_euro_equivalent
1961,1961-12-01,1.3387,OECD_CCUSSP01FRM650N,December_observation_euro_equivalent
1962,1962-12-01,1.3387,OECD_CCUSSP01FRM650N,December_observation_euro_equivalent
1963,1963-12-01,1.3382,OECD_CCUSSP01FRM650N,December_observation_euro_equivalent
1964,1964-12-01,1.3387,OECD_CCUSSP01FRM650N,December_observation_euro_equivalent
1965,1965-12-01,1.3382,OECD_CCUSSP01FRM650N,December_observation_euro_equivalent
1966,1966-12-01,1.3246,OECD_CCUSSP01FRM650N,December_observation_euro_equivalent
1967,1967-12-01,1.3365,OECD_CCUSSP01FRM650N,December_observation_euro_equivalent
1968,1968-12-01,1.3257,OECD_CCUSSP01FRM650N,December_observation_euro_equivalent
1969,1969-12-01,1.1802,OECD_CCUSSP01FRM650N,December_observation_euro_equivalent
1970,1970-12-01,1.1883,OECD_CCUSSP01FRM650N,December_observation_euro_equivalent
1971,1971-12-01,1.2556,OECD_CCUSSP01FRM650N,December_observation_euro_equivalent
1972,1972-12-01,1.2799,OECD_CCUSSP01FRM650N,December_observation_euro_equivalent
1973,1973-12-01,1.3933,OECD_CCUSSP01FRM650N,December_observation_euro_equivalent
1974,1974-12-01,1.4759,OECD_CCUSSP01FRM650N,December_observation_euro_equivalent
1975,1975-12-01,1.4624,OECD_CCUSSP01FRM650N,December_observation_euro_equivalent
1976,1976-12-01,1.3199,OECD_CCUSSP01FRM650N,December_observation_euro_equivalent
1977,1977-12-01,1.3940,OECD_CCUSSP01FRM650N,December_observation_euro_equivalent
1978,1978-12-01,1.5692,OECD_CCUSSP01FRM650N,December_observation_euro_equivalent
1979,1979-12-01,1.6318,OECD_CCUSSP01FRM650N,December_observation_euro_equivalent
1980,1980-12-01,1.4526,OECD_CCUSSP01FRM650N,December_observation_euro_equivalent
1981,1981-12-01,1.1412,OECD_CCUSSP01FRM650N,December_observation_euro_equivalent
1982,1982-12-01,0.9754,OECD_CCUSSP01FRM650N,December_observation_euro_equivalent
1983,1983-12-01,0.7858,OECD_CCUSSP01FRM650N,December_observation_euro_equivalent
1984,1984-12-01,0.6838,OECD_CCUSSP01FRM650N,December_observation_euro_equivalent
1985,1985-12-01,0.8676,OECD_CCUSSP01FRM650N,December_observation_euro_equivalent
1986,1986-12-01,1.0162,OECD_CCUSSP01FRM650N,December_observation_euro_equivalent
1987,1987-12-01,1.2284,OECD_CCUSSP01FRM650N,December_observation_euro_equivalent
1988,1988-12-01,1.0826,OECD_CCUSSP01FRM650N,December_observation_euro_equivalent
1989,1989-12-01,1.1333,OECD_CCUSSP01FRM650N,December_observation_euro_equivalent
1990,1990-12-01,1.2789,OECD_CCUSSP01FRM650N,December_observation_euro_equivalent
1991,1991-12-01,1.2663,OECD_CCUSSP01FRM650N,December_observation_euro_equivalent
1992,1992-12-01,1.1912,OECD_CCUSSP01FRM650N,December_observation_euro_equivalent
1993,1993-12-01,1.1126,OECD_CCUSSP01FRM650N,December_observation_euro_equivalent
1994,1994-12-01,1.2270,OECD_CCUSSP01FRM650N,December_observation_euro_equivalent
1995,1995-12-01,1.3387,OECD_CCUSSP01FRM650N,December_observation_euro_equivalent
1996,1996-12-01,1.2525,OECD_CCUSSP01FRM650N,December_observation_euro_equivalent
1997,1997-12-01,1.0954,OECD_CCUSSP01FRM650N,December_observation_euro_equivalent
1998,1998-12-01,1.1668,OECD_CCUSSP01FRM650N,December_observation_euro_equivalent
1999,1999-12-30,1.0046,ECB_EXR.D.USD.EUR.SP00.A,last_December_observation
2000,2000-12-29,0.9305,ECB_EXR.D.USD.EUR.SP00.A,last_December_observation
2001,2001-12-28,0.8813,ECB_EXR.D.USD.EUR.SP00.A,last_December_observation
2002,2002-12-31,1.0487,ECB_EXR.D.USD.EUR.SP00.A,last_December_observation
2003,2003-12-31,1.2630,ECB_EXR.D.USD.EUR.SP00.A,last_December_observation
2004,2004-12-31,1.3621,ECB_EXR.D.USD.EUR.SP00.A,last_December_observation
2005,2005-12-30,1.1797,ECB_EXR.D.USD.EUR.SP00.A,last_December_observation
2006,2006-12-29,1.3170,ECB_EXR.D.USD.EUR.SP00.A,last_December_observation
2007,2007-12-31,1.4721,ECB_EXR.D.USD.EUR.SP00.A,last_December_observation
2008,2008-12-31,1.3917,ECB_EXR.D.USD.EUR.SP00.A,last_December_observation
2009,2009-12-31,1.4406,ECB_EXR.D.USD.EUR.SP00.A,last_December_observation
2010,2010-12-31,1.3362,ECB_EXR.D.USD.EUR.SP00.A,last_December_observation
2011,2011-12-30,1.2939,ECB_EXR.D.USD.EUR.SP00.A,last_December_observation
2012,2012-12-31,1.3194,ECB_EXR.D.USD.EUR.SP00.A,last_December_observation
2013,2013-12-31,1.3791,ECB_EXR.D.USD.EUR.SP00.A,last_December_observation
2014,2014-12-31,1.2141,ECB_EXR.D.USD.EUR.SP00.A,last_December_observation
2015,2015-12-31,1.0887,ECB_EXR.D.USD.EUR.SP00.A,last_December_observation
2016,2016-12-30,1.0541,ECB_EXR.D.USD.EUR.SP00.A,last_December_observation
2017,2017-12-29,1.1993,ECB_EXR.D.USD.EUR.SP00.A,last_December_observation
2018,2018-12-31,1.1450,ECB_EXR.D.USD.EUR.SP00.A,last_December_observation
2019,2019-12-31,1.1234,ECB_EXR.D.USD.EUR.SP00.A,last_December_observation
2020,2020-12-31,1.2271,ECB_EXR.D.USD.EUR.SP00.A,last_December_observation
2021,2021-12-31,1.1326,ECB_EXR.D.USD.EUR.SP00.A,last_December_observation
2022,2022-12-30,1.0666,ECB_EXR.D.USD.EUR.SP00.A,last_December_observation
2023,2023-12-29,1.1050,ECB_EXR.D.USD.EUR.SP00.A,last_December_observation
2024,2024-12-31,1.0389,ECB_EXR.D.USD.EUR.SP00.A,last_December_observation
2025,2025-12-31,1.1750,ECB_EXR.D.USD.EUR.SP00.A,last_December_observation
