Year,Gold_Price_USD,CPI_U,Nominal_Return_Pct,Inflation_Pct,Real_Return_Pct
1925,20.64,17.5,,,
1926,20.63,17.7,-0.05,1.14,-1.18
1927,20.64,17.4,0.05,-1.69,1.77
1928,20.66,17.2,0.10,-1.15,1.26
1929,20.63,17.2,-0.15,0.00,-0.15
1930,20.65,16.7,0.10,-2.91,3.10
1931,17.06,15.2,-17.38,-8.98,-9.23
1932,20.69,13.6,21.28,-10.53,35.55
1933,26.33,12.9,27.25,-5.15,34.16
1934,34.69,13.4,31.75,3.88,26.83
1935,34.84,13.7,0.43,2.24,-1.77
1936,34.87,13.9,0.09,1.46,-1.35
1937,34.79,14.4,-0.23,3.60,-3.70
1938,34.85,14.1,0.17,-2.08,2.30
1939,34.42,13.9,-1.23,-1.42,0.19
1940,33.85,14.0,-1.66,0.72,-2.36
1941,33.85,14.7,0.00,5.00,-4.76
1942,33.85,16.3,0.00,10.88,-9.81
1943,33.85,17.3,0.00,6.13,-5.78
1944,33.85,17.6,0.00,1.73,-1.70
1945,34.71,18.0,2.54,2.27,0.26
1946,34.71,19.5,0.00,8.33,-7.69
1947,34.71,22.3,0.00,14.36,-12.55
1948,34.71,24.0,0.00,7.62,-7.08
1949,31.69,23.8,-8.70,-0.83,-7.94
1950,34.72,24.1,9.56,1.26,8.20
1951,34.72,26.0,0.00,7.88,-7.31
1952,34.60,26.6,-0.35,2.31,-2.60
1953,34.84,26.8,0.69,0.75,-0.06
1954,35.04,26.9,0.57,0.37,0.20
1955,35.03,26.8,-0.03,-0.37,0.34
1956,34.99,27.2,-0.11,1.49,-1.58
1957,34.95,28.1,-0.11,3.31,-3.31
1958,35.10,28.9,0.43,2.85,-2.35
1959,35.10,29.2,0.00,1.04,-1.03
1960,35.27,29.6,0.48,1.37,-0.88
1961,35.25,29.9,-0.06,1.01,-1.06
1962,35.23,30.3,-0.06,1.34,-1.38
1963,35.09,30.6,-0.40,0.99,-1.38
1964,35.10,31.0,0.03,1.31,-1.26
1965,35.12,31.5,0.06,1.61,-1.53
1966,35.13,32.5,0.03,3.17,-3.04
1967,34.95,33.4,-0.51,2.77,-3.19
1968,39.31,34.8,12.48,4.19,7.96
1969,41.28,36.7,5.01,5.46,-0.43
1970,36.02,38.8,-12.75,5.72,-17.47
1971,40.62,40.5,12.77,4.38,8.04
1972,58.42,41.8,43.81,3.21,39.34
1973,97.39,44.4,66.68,6.22,56.92
1974,154.00,49.3,58.14,11.04,42.42
1975,160.86,53.8,4.45,9.13,-4.29
1976,124.74,56.9,-22.46,5.76,-26.68
1977,147.84,60.6,18.52,6.50,11.29
1978,193.40,65.2,30.81,7.59,21.58
1979,306.00,72.6,58.23,11.35,42.10
1980,615.00,82.4,100.98,13.50,77.08
1981,460.00,90.9,-25.20,10.31,-32.18
1982,376.00,96.5,-18.26,6.16,-23.00
1983,424.00,99.6,12.77,3.21,9.26
1984,361.00,103.9,-14.86,4.32,-18.38
1985,317.00,107.6,-12.19,3.56,-15.21
1986,368.00,109.6,16.09,1.86,13.97
1987,447.00,113.6,21.47,3.65,17.18
1988,437.00,118.3,-2.24,4.14,-6.13
1989,381.00,124.0,-12.81,4.82,-16.82
1990,383.51,130.7,0.66,5.40,-4.50
1991,362.11,136.2,-5.58,4.21,-9.40
1992,343.82,140.3,-5.05,3.01,-7.83
1993,359.77,144.5,4.64,2.99,1.60
1994,384.00,148.2,6.73,2.56,4.07
1995,383.79,152.4,-0.05,2.83,-2.80
1996,387.81,156.9,1.05,2.95,-1.85
1997,331.02,160.5,-14.65,2.29,-16.56
1998,294.24,163.0,-11.11,1.56,-12.48
1999,278.98,166.6,-5.19,2.21,-7.24
2000,279.11,172.2,0.05,3.36,-3.20
2001,271.04,177.1,-2.89,2.85,-5.58
2002,309.73,179.9,14.28,1.58,12.50
2003,363.38,184.0,17.32,2.28,14.71
2004,409.72,188.9,12.75,2.66,9.83
2005,444.74,195.3,8.55,3.39,4.99
2006,603.46,201.6,35.68,3.23,31.45
2007,695.39,207.3,15.23,2.83,12.06
2008,871.96,215.3,25.40,3.86,20.74
2009,972.35,214.5,11.51,-0.37,11.92
2010,1224.53,218.1,25.94,1.68,23.87
2011,1571.52,224.9,28.34,3.12,24.46
2012,1668.98,229.6,6.20,2.09,4.03
2013,1411.23,233.0,-15.45,1.48,-16.68
2014,1266.40,236.7,-10.26,1.59,-11.67
2015,1160.60,237.0,-8.36,0.13,-8.48
2016,1250.74,240.0,7.76,1.27,6.41
2017,1257.12,245.1,0.51,2.13,-1.59
2018,1268.49,251.1,0.90,2.45,-1.51
2019,1392.60,255.7,9.78,1.83,7.81
2020,1769.64,258.8,27.08,1.21,25.56
2021,1798.61,271.0,1.64,4.71,-2.93
2022,1800.03,292.7,0.08,8.01,-7.34
2023,1942.72,304.7,7.93,4.10,3.68
2024,2394.86,313.7,23.27,2.95,19.74
2025,3435.00,321.9,43.42,2.61,39.78