Year,TotalReturn_Index,Real_Index,CPI,Nominal_Return,Inflation,Real_Return,Regime
1986,100.0,100.0,109.6,,,,Inception (Aug 31, 1986 = 100)
1987,104.47,100.79,113.6,4.47,3.65,0.79,Recovery (post-launch)
1988,118.43,109.72,118.3,13.36,4.14,8.86,Recovery (post-launch)
1989,121.16,107.09,124.0,2.31,4.82,-2.39,Late-cycle / stress builds
1990,115.88,97.17,130.7,-4.36,5.4,-9.26,Bear: S&L crisis / Drexel / recession
1991,161.27,129.77,136.2,39.17,4.21,33.55,Bull: post-Drexel recovery
1992,189.4,147.95,140.3,17.44,3.01,14.01,Bull: post-Drexel recovery
1993,221.03,167.64,144.5,16.7,2.99,13.31,Bull: post-Drexel recovery
1994,218.73,161.76,148.2,-1.04,2.56,-3.51,Rate shock
1995,263.48,189.48,152.4,20.46,2.83,17.14,Bull: mid-90s expansion
1996,293.17,204.79,156.9,11.27,2.95,8.08,Bull: mid-90s expansion
1997,332.08,226.76,160.5,13.27,2.29,10.73,Bull: mid-90s expansion
1998,341.87,229.87,163.0,2.95,1.56,1.37,LTCM / Russia stress
1999,350.45,230.55,166.6,2.51,2.21,0.29,Flat / rising rates
2000,332.51,211.63,172.2,-5.12,3.36,-8.21,Bear: dot-com / telecom bust
2001,347.41,215.0,177.1,4.48,2.85,1.59,Fed easing cushions
2002,340.84,207.65,179.9,-1.89,1.58,-3.42,Bear: Enron/WorldCom defaults
2003,436.79,260.17,184.0,28.15,2.28,25.29,Bull: credit boom
2004,484.27,280.97,188.9,10.87,2.66,7.99,Bull: credit boom
2005,497.53,279.21,195.3,2.74,3.39,-0.63,Credit boom (flat)
2006,556.09,302.32,201.6,11.77,3.23,8.28,Bull: credit boom
2007,568.27,300.45,207.3,2.19,2.83,-0.62,Late-cycle (flat)
2008,418.31,212.94,215.3,-26.39,3.86,-29.13,Bear: Global Financial Crisis
2009,658.87,336.65,214.5,57.51,-0.37,58.1,Bull: GFC recovery (best year ever)
2010,758.96,381.39,218.1,15.19,1.68,13.29,Bull: QE / ZIRP recovery
2011,792.2,386.06,224.9,4.38,3.12,1.22,Euro sovereign crisis (volatile)
2012,915.62,437.07,229.6,15.58,2.09,13.21,Bull: QE / ZIRP recovery
2013,983.56,462.65,233.0,7.42,1.48,5.85,QE era (flat)
2014,1008.15,466.81,236.7,2.5,1.59,0.9,Late-cycle (flat)
2015,961.37,444.58,237.0,-4.64,0.13,-4.76,Bear: energy/oil crash
2016,1129.52,515.81,240.0,17.49,1.27,16.02,Bull: energy recovery
2017,1214.0,542.86,245.1,7.48,2.12,5.24,Bull: risk-on
2018,1186.45,517.86,251.1,-2.27,2.45,-4.61,Fed hiking / Q4 selloff
2019,1357.41,581.82,255.7,14.41,1.83,12.35,Bull: Fed pivot
2020,1441.17,610.32,258.8,6.17,1.21,4.9,COVID shock then V-recovery
2021,1518.41,614.09,271.0,5.36,4.71,0.62,Bull: stimulus recovery
2022,1348.05,504.77,292.7,-11.22,8.01,-17.8,Bear: Fed rate shock / inflation
2023,1529.49,550.16,304.7,13.46,4.1,8.99,Bull: soft-landing recovery
2024,1654.91,578.19,313.7,8.2,2.95,5.1,Bull: rate-cut cycle
2025,1795.58,611.36,321.9,8.5,2.61,5.74,Bull: tight spreads
