Year,GrossTR_Index_Start,GrossTR_Index_End,Gross_Total_Return,Net_Total_Return,Price_Return_Est,Inflation,Real_Return_Gross,CPI
1988,100.0,140.43,40.43,40.43,38.23,4.14,34.85,118.3
1989,140.43,231.65,64.96,64.96,62.76,4.82,57.38,124.0
1990,231.65,207.21,-10.55,-10.55,-12.75,5.4,-15.14,130.7
1991,207.21,331.36,59.91,59.91,57.71,4.21,53.45,136.2
1992,331.36,369.13,11.4,11.4,9.2,3.01,8.14,140.3
1993,369.13,645.39,74.84,74.84,72.64,2.99,69.76,144.5
1994,645.39,598.15,-7.32,-7.32,-9.52,2.56,-9.63,148.2
1995,598.15,566.98,-5.21,-5.21,-7.41,2.83,-7.82,152.4
1996,566.98,601.17,6.03,6.03,3.83,2.95,2.99,156.9
1997,601.17,531.5,-11.59,-11.59,-13.79,2.29,-13.57,160.5
1998,531.5,396.81,-25.34,-25.34,-27.54,1.56,-26.49,163.0
1999,396.81,660.34,66.41,66.41,64.21,2.21,62.81,166.6
2000,660.34,458.21,-30.61,-30.61,-32.81,3.36,-32.87,172.2
2001,458.21,447.35,-2.37,-2.62,-4.97,2.85,-5.07,177.1
2002,447.35,420.51,-6.0,-6.17,-8.6,1.58,-7.46,179.9
2003,420.51,657.17,56.28,55.82,53.68,2.28,52.8,184.0
2004,657.17,827.71,25.95,25.55,23.35,2.66,22.68,188.9
2005,827.71,1113.6,34.54,34.0,31.94,3.39,30.13,195.3
2006,1113.6,1476.07,32.55,32.17,29.95,3.23,28.41,201.6
2007,1476.07,2063.84,39.82,39.39,37.22,2.83,35.98,207.3
2008,2063.84,966.29,-53.18,-53.33,-55.78,3.86,-54.92,215.3
2009,966.29,1729.85,79.02,78.51,76.42,-0.37,79.69,214.5
2010,1729.85,2061.99,19.2,18.88,16.6,1.68,17.23,218.1
2011,2061.99,1687.32,-18.17,-18.42,-20.67,3.12,-20.64,224.9
2012,1687.32,2001.67,18.63,18.22,16.13,2.09,16.2,229.6
2013,2001.67,1956.23,-2.27,-2.6,-4.77,1.48,-3.7,233.0
2014,1956.23,1920.63,-1.82,-2.19,-4.32,1.59,-3.35,236.7
2015,1920.63,1640.22,-14.6,-14.92,-17.1,0.13,-14.71,237.0
2016,1640.22,1830.48,11.6,11.19,9.1,1.27,10.2,240.0
2017,1830.48,2521.49,37.75,37.28,35.25,2.12,34.88,245.1
2018,2521.49,2162.43,-14.24,-14.57,-16.74,2.45,-16.29,251.1
2019,2162.43,2570.7,18.88,18.42,16.38,1.83,16.74,255.7
2020,2570.7,3051.16,18.69,18.31,16.19,1.21,17.27,258.8
2021,3051.16,2983.43,-2.22,-2.54,-4.72,4.71,-6.62,271.0
2022,2983.43,2394.5,-19.74,-20.09,-22.24,8.01,-25.69,292.7
2023,2394.5,2640.41,10.27,9.83,7.77,4.1,5.93,304.7
2024,2640.41,2852.97,8.05,7.5,5.55,2.95,4.95,313.7
2025,2852.97,3833.25,34.36,33.57,31.86,2.61,30.94,321.9
