Year,Gross_TR_Index,Gross_TR_Return,Net_TR_Index,Net_TR_Return,Price_Return_Official,CPI,Inflation,Real_Return_Gross
1969,100.00,,100.000,,,36.7,,
1970,98.02,-1.98,96.915,-3.08,,38.8,5.72,-7.29
1971,117.19,19.56,114.712,18.36,,40.5,4.38,14.54
1972,144.79,23.55,140.503,22.48,,41.8,3.21,19.71
1973,123.78,-14.51,119.086,-15.24,,44.4,6.22,-19.52
1974,93.48,-24.48,88.758,-25.47,,49.3,11.04,-31.99
1975,125.73,34.50,117.875,32.80,,53.8,9.13,23.25
1976,144.23,14.71,133.667,13.40,,56.9,5.76,8.46
1977,151.44,5.00,134.575,0.68,,60.6,6.50,-1.41
1978,179.03,18.22,156.805,16.52,,65.2,7.59,9.88
1979,201.71,12.67,173.980,10.95,,72.6,11.35,1.19
1980,257.63,27.72,218.644,25.67,,82.4,13.50,12.53
1981,249.13,-3.30,208.181,-4.79,,90.9,10.32,-12.34
1982,277.20,11.27,228.392,9.71,,96.5,6.16,4.81
1983,341.73,23.28,278.474,21.93,,99.6,3.21,19.44
1984,361.45,5.77,291.613,4.72,,103.9,4.32,1.39
1985,512.43,41.77,409.905,40.56,,107.6,3.56,36.90
1986,731.75,42.80,581.613,41.89,,109.6,1.86,40.19
1987,854.39,16.76,675.624,16.16,,113.6,3.65,12.65
1988,1059.02,23.95,832.956,23.29,,118.3,4.14,19.03
1989,1241.07,17.19,971.297,16.61,,124.0,4.82,11.80
1990,1036.04,-16.52,806.004,-17.02,,130.7,5.40,-20.80
1991,1232.58,18.97,953.376,18.28,,136.2,4.21,14.17
1992,1175.14,-4.66,903.550,-5.23,,140.3,3.01,-7.45
1993,1446.95,23.13,1106.871,22.50,,144.5,2.99,19.55
1994,1527.69,5.58,1163.056,5.08,,148.2,2.56,2.94
1995,1853.40,21.32,1404.045,20.72,,152.4,2.83,17.98
1996,2112.87,14.00,1593.294,13.48,,156.9,2.95,10.73
1997,2455.79,16.23,1844.451,15.76,,160.5,2.29,13.62
1998,3064.83,24.80,2293.354,24.34,,163.0,1.56,22.89
1999,3841.45,25.34,2865.199,24.93,,166.6,2.21,22.63
2000,3345.14,-12.92,2487.613,-13.18,,172.2,3.36,-15.75
2001,2792.52,-16.52,2069.099,-16.82,,177.1,2.85,-18.83
2002,2246.86,-19.54,1657.636,-19.89,,179.9,1.58,-20.79
2003,3005.40,33.76,2206.423,33.11,,184.0,2.28,30.78
2004,3463.73,15.25,2531.228,14.72,,188.9,2.66,12.26
2005,3810.79,10.02,2771.330,9.49,,195.3,3.39,6.41
2006,4597.72,20.65,3327.426,20.07,,201.6,3.23,16.88
2007,5037.72,9.57,3628.072,9.04,,207.3,2.83,6.56
2008,3006.01,-40.33,2150.990,-40.71,,215.3,3.86,-42.55
2009,3931.56,30.79,2796.035,29.99,,214.5,-0.37,31.28
2010,4416.71,12.34,3124.941,11.76,,218.1,1.68,10.49
2011,4194.99,-5.02,2951.809,-5.54,,224.9,3.12,-7.89
2012,4888.85,16.54,3418.961,15.83,13.18,229.6,2.09,14.15
2013,6226.92,27.37,4331.022,26.68,24.10,233.0,1.48,25.51
2014,6569.40,5.50,4544.837,4.94,2.93,236.7,1.59,3.85
2015,6548.38,-0.32,4505.241,-0.87,-2.74,237.0,0.13,-0.45
2016,7082.07,8.15,4843.607,7.51,5.32,240.0,1.27,6.80
2017,8715.91,23.07,5928.591,22.40,20.11,245.1,2.12,20.51
2018,8001.20,-8.20,5412.122,-8.71,-10.44,251.1,2.45,-10.39
2019,10273.55,28.40,6909.660,27.67,25.19,255.7,1.83,26.09
2020,11968.68,16.50,8008.468,15.90,14.06,258.8,1.21,15.10
2021,14643.68,22.35,9755.694,21.82,20.14,271.0,4.71,16.84
2022,12047.36,-17.73,7985.857,-18.14,-19.46,292.7,8.01,-23.83
2023,14989.32,24.42,9885.464,23.79,21.77,304.7,4.10,19.52
2024,17865.77,19.19,11731.170,18.67,17.00,313.7,2.95,15.77
2025,21724.78,21.60,14205.752,21.09,19.49,321.9,2.61,18.50
