Year,TotalReturn_Index,PriceReturn_Index,Total_Return_Nominal,Price_Return_Nominal,CPI,Inflation,Total_Return_Real
1971,100.0,100.0,,,40.5,,
1972,108.01,101.08,8.01,1.08,41.8,3.21,4.65
1973,91.25,79.06,-15.52,-21.78,44.4,6.22,-20.47
1974,71.72,55.88,-21.4,-29.33,49.3,11.04,-29.21
1975,85.56,60.54,19.3,8.34,53.8,9.13,9.32
1976,126.28,82.45,47.59,36.21,56.9,5.76,39.55
1977,154.59,93.97,22.42,13.97,60.6,6.5,14.95
1978,170.58,96.47,10.34,2.66,65.2,7.59,2.56
1979,231.75,121.06,35.86,25.49,72.6,11.35,22.01
1980,288.22,123.41,24.37,1.94,82.4,13.5,9.58
1981,305.52,120.92,6.0,-2.02,90.9,10.32,-3.91
1982,371.51,134.81,21.6,11.49,96.5,6.16,14.54
1983,485.34,163.14,30.64,21.01,99.6,3.21,26.57
1984,586.92,178.31,20.93,9.3,103.9,4.32,15.93
1985,699.02,195.46,19.1,9.62,107.6,3.56,15.0
1986,832.96,216.11,19.16,10.56,109.6,1.86,16.99
1987,802.64,193.82,-3.64,-10.31,113.6,3.65,-7.03
1988,910.91,203.07,13.49,4.77,118.3,4.14,8.98
1989,991.44,204.25,8.84,0.58,124.0,4.82,3.84
1990,839.25,150.22,-15.35,-26.45,130.7,5.4,-19.69
1991,1138.86,188.49,35.7,25.47,136.2,4.21,30.22
1992,1305.03,200.57,14.59,6.41,140.3,3.01,11.24
1993,1561.46,226.54,19.65,12.95,144.5,2.99,16.17
1994,1610.96,218.57,3.17,-3.52,148.2,2.56,0.59
1995,1856.95,232.91,15.27,6.56,152.4,2.83,12.09
1996,2511.9,294.28,35.27,26.35,156.9,2.95,31.39
1997,3020.81,333.5,20.26,13.33,160.5,2.29,17.56
1998,2492.17,259.03,-17.5,-22.33,163.0,1.56,-18.77
1999,2377.03,227.4,-4.62,-12.21,166.6,2.21,-6.68
2000,3003.86,264.95,26.37,16.51,172.2,3.36,22.26
2001,3422.29,280.45,13.93,5.85,177.1,2.85,10.78
2002,3553.03,271.7,3.82,-3.12,179.9,1.58,2.2
2003,4872.26,349.08,37.13,28.48,184.0,2.28,34.07
2004,6410.93,434.11,31.58,24.36,188.9,2.66,28.17
2005,7190.49,463.11,12.16,6.68,195.3,3.39,8.48
2006,9711.48,599.78,35.06,29.51,201.6,3.23,30.84
2007,8187.75,485.52,-15.69,-19.05,207.3,2.83,-18.01
2008,5098.51,285.87,-37.73,-41.12,215.3,3.86,-40.04
2009,6525.59,346.68,27.99,21.27,214.5,-0.37,28.47
2010,8349.49,426.69,27.95,23.08,218.1,1.68,25.84
2011,9040.82,445.13,8.28,4.32,224.9,3.12,5.01
2012,10821.87,514.61,19.7,15.61,229.6,2.09,17.25
2013,11131.37,510.49,2.86,-0.8,233.0,1.48,1.36
2014,14251.49,630.2,28.03,23.45,236.7,1.59,26.03
2015,14654.81,624.03,2.83,-0.98,237.0,0.13,2.7
2016,15919.52,653.73,8.63,4.76,240.0,1.27,7.27
2017,17299.74,683.28,8.67,4.52,245.1,2.12,6.41
2018,16600.83,628.96,-4.04,-7.95,251.1,2.45,-6.33
2019,21358.63,779.59,28.66,23.95,255.7,1.83,26.35
2020,20265.07,714.11,-5.12,-8.4,258.8,1.21,-6.26
2021,28634.55,980.4,41.3,37.29,271.0,4.71,34.94
2022,21490.23,711.18,-24.95,-27.46,292.7,8.01,-30.51
2023,23931.52,759.19,11.36,6.75,304.7,4.1,6.97
2024,25108.95,766.17,4.92,0.92,313.7,2.95,1.91
2025,25678.92,752.92,2.27,-1.73,321.9,2.61,-0.34
