Year,TR_Index,Price_Index,CPI,Total_Return,Price_Return,Income_Return,Inflation,Real_Total_Return,TR_Source
1978,100.00,40.52,65.2,,,,,,base
1979,141.43,55.91,72.6,41.43,37.98,3.45,11.35,27.01,estimated(PR+div_est)
1980,193.94,74.80,82.4,37.13,33.79,3.34,13.5,20.82,estimated(PR+div_est)
1981,195.78,73.67,90.9,0.95,-1.51,2.46,10.32,-8.49,estimated(PR+div_est)
1982,242.16,88.90,96.5,23.69,20.67,3.02,6.16,16.51,estimated(PR+div_est)
1983,313.48,112.27,99.6,29.45,26.29,3.16,3.21,25.42,estimated(PR+div_est)
1984,290.47,101.49,103.9,-7.34,-9.6,2.26,4.32,-11.18,estimated(PR+div_est)
1985,380.98,129.87,107.6,31.16,27.96,3.2,3.56,26.65,estimated(PR+div_est)
1986,403.95,135.00,109.6,6.03,3.95,2.08,1.86,4.09,estimated(PR+div_est)
1987,367.51,120.42,113.6,-9.02,-10.8,1.78,3.65,-12.22,estimated(PR+div_est)
1988,458.76,147.37,118.3,24.83,22.38,2.45,4.14,19.87,estimated(PR+div_est)
1989,534.41,168.31,124.0,16.49,14.21,2.28,4.82,11.13,estimated(PR+div_est)
1990,428.17,132.20,130.7,-19.88,-21.45,1.57,5.4,-23.98,estimated(PR+div_est)
1991,626.28,189.94,136.2,46.27,43.68,2.59,4.21,40.36,estimated(PR+div_est)
1992,741.83,221.01,140.3,18.45,16.36,2.09,3.01,14.99,estimated(PR+div_est)
1993,883.59,258.59,144.5,19.11,17.0,2.11,2.99,15.65,estimated(PR+div_est)
1994,870.87,250.36,148.2,-1.44,-3.18,1.74,2.56,-3.9,estimated(PR+div_est)
1995,1118.63,315.97,152.4,28.45,26.21,2.24,2.83,24.91,confirmed(Wikipedia)
1996,1303.09,362.61,156.9,16.49,14.76,1.73,2.95,13.15,confirmed(Wikipedia)
1997,1594.46,437.02,160.5,22.36,20.52,1.84,2.29,19.62,confirmed(Wikipedia)
1998,1553.80,421.96,163.0,-2.55,-3.45,0.9,1.56,-4.05,confirmed(Wikipedia)
1999,1884.14,504.75,166.6,21.26,19.62,1.64,2.21,18.64,confirmed(Wikipedia)
2000,1827.24,483.53,172.2,-3.02,-4.2,1.18,3.36,-6.17,confirmed(Wikipedia)
2001,1872.74,488.50,177.1,2.49,1.03,1.46,2.85,-0.35,confirmed(Wikipedia)
2002,1489.20,383.09,179.9,-20.48,-21.58,1.1,1.58,-21.72,confirmed(Wikipedia)
2003,2192.85,556.91,184.0,47.25,45.37,1.88,2.28,43.97,confirmed(Wikipedia)
2004,2594.80,651.57,188.9,18.33,17.0,1.33,2.66,15.26,confirmed(Wikipedia)
2005,2712.86,673.22,195.3,4.55,3.32,1.23,3.39,1.12,confirmed(Wikipedia)
2006,3211.21,787.66,201.6,18.37,17.0,1.37,3.23,14.67,confirmed(Wikipedia)
2007,3160.79,766.03,207.342,-1.57,-2.75,1.18,2.85,-4.3,confirmed(Wikipedia)
2008,2092.76,499.45,215.303,-33.79,-34.8,1.01,3.84,-36.24,confirmed(Wikipedia)
2009,2661.36,625.39,214.537,27.17,25.22,1.95,-0.36,27.63,confirmed(Wikipedia)
2010,3375.94,783.65,218.056,26.85,25.31,1.54,1.64,24.8,confirmed(Wikipedia)
2011,3234.83,740.92,224.939,-4.18,-5.45,1.27,3.16,-7.12,confirmed(Wikipedia)
2012,3763.72,849.35,229.594,16.35,14.63,1.72,2.07,13.99,confirmed(Wikipedia)
2013,5224.80,1163.64,232.957,38.82,37.0,1.82,1.46,36.82,confirmed(Wikipedia)
2014,5480.29,1204.70,236.736,4.89,3.53,1.36,1.62,3.22,confirmed(Wikipedia)
2015,5238.61,1135.89,237.017,-4.41,-5.71,1.3,0.12,-4.52,confirmed(Wikipedia)
2016,6354.96,1357.13,240.007,21.31,19.48,1.83,1.26,19.8,confirmed(Wikipedia)
2017,7285.96,1535.51,245.12,14.65,13.14,1.51,2.13,12.26,confirmed(Wikipedia)
2018,6483.78,1348.56,251.107,-11.01,-12.18,1.17,2.44,-13.13,confirmed(Wikipedia)
2019,8138.44,1668.47,255.657,25.52,23.72,1.8,1.81,23.29,confirmed(Wikipedia)
2020,9762.87,1974.86,258.811,19.96,18.36,1.6,1.23,18.5,confirmed(Wikipedia)
2021,11209.73,2245.31,270.97,14.82,13.69,1.13,4.7,9.67,confirmed(Wikipedia)
2022,8918.46,1761.25,292.655,-20.44,-21.56,1.12,8.0,-26.33,confirmed(Wikipedia)
2023,10428.36,2027.07,304.702,16.93,15.09,1.84,4.12,12.3,confirmed(Wikipedia)
2024,11631.79,2230.16,313.689,11.54,10.02,1.52,2.95,8.34,confirmed(Wikipedia)
2025,13121.82,2481.91,321.9,12.81,11.29,1.52,2.62,9.93,confirmed(Wikipedia)
