Year,Nominal_TR_Index,Real_TR_Index,CPI,Nominal_Return,Inflation,Real_Return,Source
1925,100.0000,100.0000,17.9,,,,SBBI_30day
1926,103.2700,104.4369,17.7,3.27,-1.12,4.44,SBBI_30day
1927,106.4920,110.1854,17.3,3.12,-2.26,5.50,SBBI_30day
1928,110.2831,115.4426,17.1,3.56,-1.16,4.77,SBBI_30day
1929,115.5216,120.2230,17.2,4.75,0.58,4.14,SBBI_30day
1930,118.3057,131.5324,16.1,2.41,-6.40,9.41,SBBI_30day
1931,119.5715,146.5980,14.6,1.07,-9.32,11.45,SBBI_30day
1932,120.7194,164.9525,13.1,0.96,-10.27,12.52,SBBI_30day
1933,121.0816,164.1940,13.2,0.30,0.76,-0.46,SBBI_30day
1934,121.2753,162.0021,13.4,0.16,1.52,-1.33,SBBI_30day
1935,121.4815,157.5738,13.8,0.17,2.99,-2.73,SBBI_30day
1936,121.7001,155.6023,14.0,0.18,1.45,-1.25,SBBI_30day
1937,122.0774,151.7490,14.4,0.31,2.86,-2.48,SBBI_30day
1938,122.0530,156.0535,14.0,-0.02,-2.78,2.84,SBBI_30day
1939,122.0774,156.0847,14.0,0.02,0.00,0.02,SBBI_30day
1940,122.0774,154.9777,14.1,0.00,0.71,-0.71,SBBI_30day
1941,122.1507,141.0643,15.5,0.06,9.93,-8.98,SBBI_30day
1942,122.4805,129.7278,16.9,0.27,9.03,-8.04,SBBI_30day
1943,122.9091,126.4410,17.4,0.35,2.96,-2.53,SBBI_30day
1944,123.3147,124.0075,17.8,0.33,2.30,-1.92,SBBI_30day
1945,123.7217,121.6823,18.2,0.33,2.25,-1.88,SBBI_30day
1946,124.1547,103.3660,21.5,0.35,18.13,-15.05,SBBI_30day
1947,124.7755,95.4479,23.4,0.50,8.84,-7.66,SBBI_30day
1948,125.7862,93.4262,24.1,0.81,2.99,-2.12,SBBI_30day
1949,127.1698,96.4551,23.6,1.10,-2.07,3.24,SBBI_30day
1950,128.6958,92.1462,25.0,1.20,5.93,-4.47,SBBI_30day
1951,130.6134,88.2257,26.5,1.49,6.00,-4.25,SBBI_30day
1952,132.7816,89.0184,26.7,1.66,0.75,0.90,SBBI_30day
1953,135.1982,89.9646,26.9,1.82,0.75,1.06,SBBI_30day
1954,136.3609,91.4180,26.7,0.86,-0.74,1.62,SBBI_30day
1955,138.5018,92.5068,26.8,1.57,0.37,1.19,SBBI_30day
1956,141.9089,92.0351,27.6,2.46,2.99,-0.51,SBBI_30day
1957,146.3649,92.2511,28.4,3.14,2.90,0.23,SBBI_30day
1958,148.6189,92.0512,28.9,1.54,1.76,-0.22,SBBI_30day
1959,153.0032,93.1550,29.4,2.95,1.73,1.20,SBBI_30day
1960,157.0730,94.3492,29.8,2.66,1.36,1.28,SBBI_30day
1961,160.7643,95.9227,30.0,2.35,0.67,1.67,Damodaran_3mo
1962,165.2174,97.2826,30.4,2.77,1.33,1.42,Damodaran_3mo
1963,170.4383,98.7329,30.9,3.16,1.64,1.49,Damodaran_3mo
1964,176.4889,101.2548,31.2,3.55,0.97,2.55,Damodaran_3mo
1965,183.4602,103.2685,31.8,3.95,1.92,1.99,Damodaran_3mo
1966,192.3763,104.6668,32.9,4.86,3.46,1.35,Damodaran_3mo
1967,200.6293,105.9370,33.9,4.29,3.04,1.21,Damodaran_3mo
1968,211.3429,106.5644,35.5,5.34,4.72,0.59,Damodaran_3mo
1969,225.4394,107.0389,37.7,6.67,6.20,0.45,Damodaran_3mo
1970,239.8450,107.8700,39.8,6.39,5.57,0.78,Damodaran_3mo
1971,250.2303,108.9811,41.1,4.33,3.27,1.03,Damodaran_3mo
1972,260.3897,109.6700,42.5,4.06,3.41,0.63,Damodaran_3mo
1973,278.7211,107.9893,46.2,7.04,8.71,-1.53,Damodaran_3mo
1974,300.6007,103.6754,51.9,7.85,12.34,-3.99,Damodaran_3mo
1975,318.0055,102.5639,55.5,5.79,6.94,-1.07,Damodaran_3mo
1976,333.8422,102.6765,58.2,4.98,4.86,0.11,Damodaran_3mo
1977,351.4023,101.2899,62.1,5.26,6.70,-1.35,Damodaran_3mo
1978,376.6329,99.5824,67.7,7.18,9.02,-1.69,Damodaran_3mo
1979,414.4845,96.7311,76.7,10.05,13.29,-2.86,Damodaran_3mo
1980,461.6943,95.7628,86.3,11.39,12.52,-1.00,Damodaran_3mo
1981,526.5162,100.2621,94.0,14.04,8.92,4.70,Damodaran_3mo
1982,584.9069,107.2729,97.6,11.09,3.83,6.99,Damodaran_3mo
1983,637.2560,112.6050,101.3,8.95,3.79,4.97,Damodaran_3mo
1984,700.4718,119.0736,105.3,9.92,3.95,5.74,Damodaran_3mo
1985,754.5483,123.5719,109.3,7.72,3.80,3.78,Damodaran_3mo
1986,800.9530,129.7471,110.5,6.15,1.10,5.00,Damodaran_3mo
1987,848.6898,131.6425,115.4,5.96,4.43,1.46,Damodaran_3mo
1988,907.1645,134.7572,120.5,6.89,4.42,2.37,Damodaran_3mo
1989,983.2756,139.5768,126.1,8.39,4.65,3.58,Damodaran_3mo
1990,1059.4795,141.7390,133.8,7.75,6.11,1.55,Damodaran_3mo
1991,1118.1746,145.1438,137.9,5.54,3.06,2.40,Damodaran_3mo
1992,1157.4226,146.0033,141.9,3.51,2.90,0.59,Damodaran_3mo
1993,1192.9554,146.4602,145.8,3.07,2.75,0.31,Damodaran_3mo
1994,1245.0876,148.8782,149.7,4.37,2.67,1.65,Damodaran_3mo
1995,1315.5595,153.4105,153.5,5.66,2.54,3.04,Damodaran_3mo
1996,1383.3109,156.1240,158.6,5.15,3.32,1.77,Damodaran_3mo
1997,1455.2430,161.4932,161.3,5.20,1.70,3.44,Damodaran_3mo
1998,1526.6955,166.7349,163.9,4.91,1.61,3.25,Damodaran_3mo
1999,1599.6715,170.1374,168.3,4.78,2.68,2.04,Damodaran_3mo
2000,1695.6518,174.4377,174.0,6.00,3.39,2.53,Damodaran_3mo
2001,1754.6605,177.7500,176.7,3.48,1.55,1.90,Damodaran_3mo
2002,1783.4369,176.4705,180.9,1.64,2.38,-0.72,Damodaran_3mo
2003,1801.8063,174.9991,184.3,1.03,1.88,-0.83,Damodaran_3mo
2004,1827.0316,171.8543,190.3,1.40,3.26,-1.80,Damodaran_3mo
2005,1885.8620,171.5291,196.8,3.22,3.42,-0.19,Damodaran_3mo
2006,1977.3263,175.3922,201.8,4.85,2.54,2.25,Damodaran_3mo
2007,2065.9105,176.0641,210.036,4.48,4.08,0.38,Damodaran_3mo
2008,2094.8333,178.3659,210.228,1.40,0.09,1.31,Damodaran_3mo
2009,2097.9755,173.9011,215.949,0.15,2.72,-2.50,Damodaran_3mo
2010,2100.9127,171.5782,219.179,0.14,1.50,-1.34,Damodaran_3mo
2011,2101.9632,166.7249,225.672,0.05,2.96,-2.83,Damodaran_3mo
2012,2103.8549,164.0193,229.601,0.09,1.74,-1.62,Damodaran_3mo
2013,2105.1172,161.6896,233.049,0.06,1.50,-1.42,Damodaran_3mo
2014,2105.7488,160.5238,234.812,0.03,0.76,-0.72,Damodaran_3mo
2015,2106.8016,159.4409,236.525,0.05,0.73,-0.67,Damodaran_3mo
2016,2113.5434,156.7001,241.432,0.32,2.07,-1.72,Damodaran_3mo
2017,2133.6221,154.9214,246.524,0.95,2.11,-1.14,Damodaran_3mo
2018,2175.6544,155.0123,251.233,1.97,1.91,0.06,Damodaran_3mo
2019,2221.5607,154.7469,256.974,2.11,2.29,-0.17,Damodaran_3mo
2020,2229.5584,153.2172,260.474,0.36,1.36,-0.99,Damodaran_3mo
2021,2230.4502,143.2022,278.802,0.04,7.04,-6.54,Damodaran_3mo
2022,2277.0666,137.3312,296.797,2.09,6.45,-4.10,Damodaran_3mo
2023,2397.2957,139.8929,306.746,5.28,3.35,1.87,Damodaran_3mo
2024,2521.4756,143.0092,315.605,5.18,2.89,2.23,Damodaran_3mo
2025,2627.6297,145.1442,324.054,4.21,2.68,1.49,Damodaran_3mo
