Year,Price,CPI,Nominal_Return,Inflation,Real_Return
1925,100.0000,17.9,,,
1926,103.2700,17.7,3.27,-1.12,4.44
1927,106.4920,17.3,3.12,-2.26,5.50
1928,110.2831,17.1,3.56,-1.16,4.77
1929,115.5216,17.2,4.75,0.58,4.14
1930,118.3057,16.1,2.41,-6.40,9.41
1931,119.5715,14.6,1.07,-9.32,11.45
1932,120.7194,13.1,0.96,-10.27,12.52
1933,121.0816,13.2,0.30,0.76,-0.46
1934,121.2753,13.4,0.16,1.52,-1.33
1935,121.4815,13.8,0.17,2.99,-2.73
1936,121.7001,14.0,0.18,1.45,-1.25
1937,122.0774,14.4,0.31,2.86,-2.48
1938,122.0530,14.0,-0.02,-2.78,2.84
1939,122.0774,14.0,0.02,0.00,0.02
1940,122.0774,14.1,0.00,0.71,-0.71
1941,122.1507,15.5,0.06,9.93,-8.98
1942,122.4805,16.9,0.27,9.03,-8.04
1943,122.9091,17.4,0.35,2.96,-2.53
1944,123.3147,17.8,0.33,2.30,-1.92
1945,123.7217,18.2,0.33,2.25,-1.88
1946,124.1547,21.5,0.35,18.13,-15.05
1947,124.7755,23.4,0.50,8.84,-7.66
1948,125.7862,24.1,0.81,2.99,-2.12
1949,127.1698,23.6,1.10,-2.07,3.24
1950,128.6958,25.0,1.20,5.93,-4.47
1951,130.6134,26.5,1.49,6.00,-4.25
1952,132.7816,26.7,1.66,0.75,0.90
1953,135.1982,26.9,1.82,0.75,1.06
1954,136.3609,26.7,0.86,-0.74,1.62
1955,138.5018,26.8,1.57,0.37,1.19
1956,141.9089,27.6,2.46,2.99,-0.51
1957,146.3649,28.4,3.14,2.90,0.23
1958,148.6189,28.9,1.54,1.76,-0.22
1959,153.0032,29.4,2.95,1.73,1.20
1960,157.0730,29.8,2.66,1.36,1.28
1961,160.7643,30.0,2.35,0.67,1.67
1962,165.2174,30.4,2.77,1.33,1.42
1963,170.4383,30.9,3.16,1.64,1.49
1964,176.4889,31.2,3.55,0.97,2.55
1965,183.4602,31.8,3.95,1.92,1.99
1966,192.3763,32.9,4.86,3.46,1.35
1967,200.6293,33.9,4.29,3.04,1.21
1968,211.3429,35.5,5.34,4.72,0.59
1969,225.4394,37.7,6.67,6.20,0.45
1970,239.8450,39.8,6.39,5.57,0.78
1971,250.2303,41.1,4.33,3.27,1.03
1972,260.3897,42.5,4.06,3.41,0.63
1973,278.7211,46.2,7.04,8.71,-1.53
1974,300.6007,51.9,7.85,12.34,-3.99
1975,318.0055,55.5,5.79,6.94,-1.07
1976,333.8422,58.2,4.98,4.86,0.11
1977,351.4023,62.1,5.26,6.70,-1.35
1978,376.6329,67.7,7.18,9.02,-1.69
1979,414.4845,76.7,10.05,13.29,-2.86
1980,461.6943,86.3,11.39,12.52,-1.00
1981,526.5162,94.0,14.04,8.92,4.70
1982,584.9069,97.6,11.09,3.83,6.99
1983,637.2560,101.3,8.95,3.79,4.97
1984,700.4718,105.3,9.92,3.95,5.74
1985,754.5483,109.3,7.72,3.80,3.78
1986,800.9530,110.5,6.15,1.10,5.00
1987,848.6898,115.4,5.96,4.43,1.46
1988,907.1645,120.5,6.89,4.42,2.37
1989,983.2756,126.1,8.39,4.65,3.58
1990,1059.4795,133.8,7.75,6.11,1.55
1991,1118.1746,137.9,5.54,3.06,2.40
1992,1157.4226,141.9,3.51,2.90,0.59
1993,1192.9554,145.8,3.07,2.75,0.31
1994,1245.0876,149.7,4.37,2.67,1.65
1995,1315.5595,153.5,5.66,2.54,3.04
1996,1383.3109,158.6,5.15,3.32,1.77
1997,1455.2430,161.3,5.20,1.70,3.44
1998,1526.6955,163.9,4.91,1.61,3.25
1999,1599.6715,168.3,4.78,2.68,2.04
2000,1695.6518,174.0,6.00,3.39,2.53
2001,1754.6605,176.7,3.48,1.55,1.90
2002,1783.4369,180.9,1.64,2.38,-0.72
2003,1801.8063,184.3,1.03,1.88,-0.83
2004,1827.0316,190.3,1.40,3.26,-1.80
2005,1885.8620,196.8,3.22,3.42,-0.19
2006,1977.3263,201.8,4.85,2.54,2.25
2007,2065.9105,210.036,4.48,4.08,0.38
2008,2094.8333,210.228,1.40,0.09,1.31
2009,2097.9755,215.949,0.15,2.72,-2.50
2010,2100.9127,219.179,0.14,1.50,-1.34
2011,2101.9632,225.672,0.05,2.96,-2.83
2012,2103.8549,229.601,0.09,1.74,-1.62
2013,2105.1172,233.049,0.06,1.50,-1.42
2014,2105.7488,234.812,0.03,0.76,-0.72
2015,2106.8016,236.525,0.05,0.73,-0.67
2016,2113.5434,241.432,0.32,2.07,-1.72
2017,2133.6221,246.524,0.95,2.11,-1.14
2018,2175.6544,251.233,1.97,1.91,0.06
2019,2221.5607,256.974,2.11,2.29,-0.17
2020,2229.5584,260.474,0.36,1.36,-0.99
2021,2230.4502,278.802,0.04,7.04,-6.54
2022,2277.0666,296.797,2.09,6.45,-4.10
2023,2397.2957,306.746,5.28,3.35,1.87
2024,2521.4756,315.605,5.18,2.89,2.23
2025,2627.6297,324.054,4.21,2.68,1.49
