Year,TR_Index,CPI,Nominal_Return,Inflation,Real_Return,Source_Series
1925,100.0,17.9,,,,base
1926,107.37,17.7,7.37,-1.12,8.58,SBBI_LT_Corp
1927,115.3583,17.3,7.44,-2.26,9.92,SBBI_LT_Corp
1928,118.6345,17.1,2.84,-1.16,4.04,SBBI_LT_Corp
1929,122.5139,17.2,3.27,0.58,2.67,SBBI_LT_Corp
1930,132.2905,16.1,7.98,-6.4,15.36,SBBI_LT_Corp
1931,129.8431,14.6,-1.85,-9.32,8.23,SBBI_LT_Corp
1932,143.8921,13.1,10.82,-10.27,23.51,SBBI_LT_Corp
1933,158.8281,13.2,10.38,0.76,9.54,SBBI_LT_Corp
1934,180.8099,13.4,13.84,1.52,12.14,SBBI_LT_Corp
1935,198.1858,13.8,9.61,2.99,6.43,SBBI_LT_Corp
1936,211.5435,14.0,6.74,1.45,5.22,SBBI_LT_Corp
1937,217.3609,14.4,2.75,2.86,-0.1,SBBI_LT_Corp
1938,230.6851,14.0,6.13,-2.78,9.16,SBBI_LT_Corp
1939,239.8433,14.0,3.97,0.0,3.97,SBBI_LT_Corp
1940,247.974,14.1,3.39,0.71,2.66,SBBI_LT_Corp
1941,254.7437,15.5,2.73,9.93,-6.55,SBBI_LT_Corp
1942,261.3671,16.9,2.6,9.03,-5.9,SBBI_LT_Corp
1943,268.7637,17.4,2.83,2.96,-0.12,SBBI_LT_Corp
1944,281.4763,17.8,4.73,2.3,2.38,SBBI_LT_Corp
1945,292.9605,18.2,4.08,2.25,1.79,SBBI_LT_Corp
1946,297.9994,21.5,1.72,18.13,-13.89,SBBI_LT_Corp
1947,291.0262,23.4,-2.34,8.84,-10.27,SBBI_LT_Corp
1948,303.0747,24.1,4.14,2.99,1.12,SBBI_LT_Corp
1949,313.1065,23.6,3.31,-2.07,5.5,SBBI_LT_Corp
1950,319.7444,25.0,2.12,5.93,-3.6,SBBI_LT_Corp
1951,311.1432,26.5,-2.69,6.0,-8.2,SBBI_LT_Corp
1952,322.0955,26.7,3.52,0.75,2.74,SBBI_LT_Corp
1953,333.0789,26.9,3.41,0.75,2.64,SBBI_LT_Corp
1954,351.0319,26.7,5.39,-0.74,6.18,SBBI_LT_Corp
1955,352.7168,26.8,0.48,0.37,0.11,SBBI_LT_Corp
1956,328.6968,27.6,-6.81,2.99,-9.51,SBBI_LT_Corp
1957,357.3263,28.4,8.71,2.9,5.65,SBBI_LT_Corp
1958,349.3937,28.9,-2.22,1.76,-3.91,SBBI_LT_Corp
1959,346.0045,29.4,-0.97,1.73,-2.65,SBBI_LT_Corp
1960,377.3872,29.8,9.07,1.36,7.61,SBBI_LT_Corp
1961,395.5772,30.0,4.82,0.67,4.12,SBBI_LT_Corp
1962,427.0256,30.4,7.95,1.33,6.53,SBBI_LT_Corp
1963,436.3775,30.9,2.19,1.64,0.54,SBBI_LT_Corp
1964,457.1927,31.2,4.77,0.97,3.76,SBBI_LT_Corp
1965,455.0896,31.8,-0.46,1.92,-2.34,SBBI_LT_Corp
1966,455.9998,32.9,0.2,3.46,-3.15,SBBI_LT_Corp
1967,433.4278,33.9,-4.95,3.04,-7.75,SBBI_LT_Corp
1968,444.5669,35.5,2.57,4.72,-2.05,SBBI_LT_Corp
1969,408.6014,37.7,-8.09,6.2,-13.45,SBBI_LT_Corp
1970,483.6615,39.8,18.37,5.57,12.12,SBBI_LT_Corp
1971,536.9126,41.1,11.01,3.27,7.5,SBBI_LT_Corp
1972,575.8925,42.5,7.26,3.41,3.73,SBBI_LT_Corp
1973,582.4577,46.2,1.14,8.71,-6.96,SBBI_LT_Corp
1974,564.6345,51.9,-3.06,12.34,-13.71,SBBI_LT_Corp
1975,647.2969,55.5,14.64,6.94,7.2,SBBI_LT_Corp
1976,768.0178,58.2,18.65,4.86,13.15,SBBI_LT_Corp
1977,781.1509,62.1,1.71,6.7,-4.68,SBBI_LT_Corp
1978,780.6041,67.7,-0.07,9.02,-8.34,SBBI_LT_Corp
1979,747.9749,76.7,-4.18,13.29,-15.42,SBBI_LT_Corp
1980,728.3779,86.3,-2.62,12.52,-13.45,SBBI_LT_Corp
1981,721.3855,94.0,-0.96,8.92,-9.07,SBBI_LT_Corp
1982,1037.2802,97.6,43.79,3.83,38.49,SBBI_LT_Corp
1983,1086.0324,101.3,4.7,3.79,0.88,SBBI_LT_Corp
1984,1264.0331,105.3,16.39,3.95,11.97,SBBI_LT_Corp
1985,1654.6193,109.3,30.9,3.8,26.11,SBBI_LT_Corp
1986,1983.0612,110.5,19.85,1.1,18.55,SBBI_LT_Corp
1987,1977.707,115.4,-0.27,4.43,-4.5,SBBI_LT_Corp
1988,2287.8114,120.5,15.68,4.42,10.78,Damodaran_Baa_Corp
1989,2660.9534,126.1,16.31,4.65,11.14,Damodaran_Baa_Corp
1990,2811.2973,133.8,5.65,6.11,-0.43,Damodaran_Baa_Corp
1991,3272.3501,137.9,16.4,3.06,12.94,Damodaran_Baa_Corp
1992,3720.0076,141.9,13.68,2.9,10.48,Damodaran_Baa_Corp
1993,4331.5768,145.8,16.44,2.75,13.33,Damodaran_Baa_Corp
1994,4278.2984,149.7,-1.23,2.67,-3.8,Damodaran_Baa_Corp
1995,5137.8086,153.5,20.09,2.54,17.12,Damodaran_Baa_Corp
1996,5409.0849,158.6,5.28,3.32,1.89,Damodaran_Baa_Corp
1997,6020.3114,161.3,11.3,1.7,9.44,Damodaran_Baa_Corp
1998,6507.9567,163.9,8.1,1.61,6.39,Damodaran_Baa_Corp
1999,6571.0839,168.3,0.97,2.68,-1.67,Damodaran_Baa_Corp
2000,7187.4515,174.0,9.38,3.39,5.8,Damodaran_Baa_Corp
2001,7805.5723,176.7,8.6,1.55,6.94,Damodaran_Baa_Corp
2002,8746.9244,180.9,12.06,2.38,9.46,Damodaran_Baa_Corp
2003,9829.7936,184.3,12.38,1.88,10.31,Damodaran_Baa_Corp
2004,10845.2113,190.3,10.33,3.26,6.85,Damodaran_Baa_Corp
2005,11401.5706,196.8,5.13,3.42,1.66,Damodaran_Baa_Corp
2006,12002.4334,201.8,5.27,2.54,2.66,Damodaran_Baa_Corp
2007,12590.5526,210.036,4.9,4.08,0.79,Damodaran_Baa_Corp
2008,12157.4376,210.228,-3.44,0.09,-3.53,Damodaran_Baa_Corp
2009,14584.0622,215.949,19.96,2.72,16.78,Damodaran_Baa_Corp
2010,15954.964,219.179,9.4,1.5,7.79,Damodaran_Baa_Corp
2011,17911.0426,225.672,12.26,2.96,9.03,Damodaran_Baa_Corp
2012,19594.6806,229.601,9.4,1.74,7.53,Damodaran_Baa_Corp
2013,19373.2607,233.049,-1.13,1.5,-2.59,Damodaran_Baa_Corp
2014,21455.8862,234.812,10.75,0.76,9.92,Damodaran_Baa_Corp
2015,21134.048,236.525,-1.5,0.73,-2.21,Damodaran_Baa_Corp
2016,23568.6903,241.432,11.52,2.07,9.25,Damodaran_Baa_Corp
2017,25725.2254,246.524,9.15,2.11,6.9,Damodaran_Baa_Corp
2018,24907.1633,251.233,-3.18,1.91,-4.99,Damodaran_Baa_Corp
2019,28705.5057,256.974,15.25,2.29,12.68,Damodaran_Baa_Corp
2020,31748.2893,260.474,10.6,1.36,9.11,Damodaran_Baa_Corp
2021,32072.1218,278.802,1.02,7.04,-5.62,Damodaran_Baa_Corp
2022,27187.5377,296.797,-15.23,6.45,-20.37,Damodaran_Baa_Corp
2023,29563.7285,306.746,8.74,3.35,5.21,Damodaran_Baa_Corp
2024,30078.1373,315.605,1.74,2.89,-1.12,Damodaran_Baa_Corp
2025,32171.5757,324.054,6.96,2.68,4.17,Damodaran_Baa_Corp
