Year,TR_Index,Real_TR_Index,Nominal_Return,Real_Return,Inflation,CPI,Mkt_RF,RF
1925,100.0,100.0,,,,17.9,,
1926,109.73,110.97,9.73,10.97,-1.12,17.7,7.98,1.62
1927,146.5,151.58,33.51,36.6,-2.26,17.3,29.47,3.12
1928,205.41,215.02,40.21,41.85,-1.16,17.1,35.39,3.56
1929,173.12,180.17,-15.72,-16.21,0.58,17.2,-19.54,4.75
1930,121.92,135.56,-29.57,-24.76,-6.4,16.1,-31.23,2.41
1931,67.64,82.93,-44.52,-38.82,-9.32,14.6,-45.11,1.07
1932,61.88,84.55,-8.52,1.95,-10.27,13.1,-9.39,0.96
1933,97.47,132.17,57.52,56.33,0.76,13.2,57.05,0.3
1934,100.57,134.35,3.18,1.64,1.52,13.4,3.02,0.16
1935,146.04,189.43,45.21,41.0,2.99,13.8,44.96,0.17
1936,193.22,247.05,32.31,30.42,1.45,14.0,32.07,0.18
1937,126.06,156.7,-34.76,-36.57,2.86,14.4,-34.96,0.31
1938,161.93,207.04,28.45,32.12,-2.78,14.0,28.48,-0.02
1939,166.34,212.67,2.72,2.72,0.0,14.0,2.7,0.02
1940,154.46,196.09,-7.14,-7.8,0.71,14.1,-7.14,0.0
1941,138.28,159.69,-10.48,-18.56,9.93,15.5,-10.53,0.06
1942,161.11,170.65,16.51,6.86,9.03,16.9,16.2,0.27
1943,206.88,212.83,28.41,24.72,2.96,17.4,27.96,0.35
1944,251.09,252.5,21.37,18.64,2.3,17.8,20.97,0.33
1945,348.61,342.86,38.84,35.79,2.25,18.2,38.38,0.33
1946,326.28,271.65,-6.4,-20.77,18.13,21.5,-6.73,0.35
1947,337.59,258.24,3.46,-4.94,8.84,23.4,2.95,0.5
1948,343.96,255.47,1.89,-1.07,2.99,24.1,1.07,0.81
1949,414.24,314.19,20.43,22.98,-2.07,23.6,19.12,1.1
1950,540.02,386.66,30.37,23.07,5.93,25.0,28.82,1.2
1951,653.41,441.36,21.0,14.15,6.0,26.5,19.22,1.49
1952,742.64,497.87,13.66,12.8,0.75,26.7,11.8,1.66
1953,748.21,497.88,0.75,0.0,0.75,26.9,-1.05,1.82
1954,1127.06,755.6,50.63,51.76,-0.74,26.7,49.35,0.86
1955,1416.64,946.19,25.69,25.22,0.37,26.8,23.75,1.57
1956,1537.13,996.9,8.51,5.36,2.99,27.6,5.9,2.46
1957,1376.76,867.74,-10.43,-12.96,2.9,28.4,-13.16,3.14
1958,2005.37,1242.08,45.66,43.14,1.76,28.9,43.45,1.54
1959,2266.03,1379.66,13.0,11.08,1.73,29.4,9.76,2.95
1960,2292.34,1376.94,1.16,-0.2,1.36,29.8,-1.46,2.66
1961,2922.01,1743.46,27.47,26.62,0.67,30.0,24.81,2.13
1962,2614.55,1539.49,-10.52,-11.7,1.33,30.4,-12.9,2.73
1963,3177.11,1840.46,21.52,19.55,1.64,30.9,17.84,3.12
1964,3702.09,2123.96,16.52,15.4,0.97,31.2,12.54,3.54
1965,4252.35,2393.62,14.86,12.7,1.92,31.8,10.52,3.93
1966,3852.93,2096.27,-9.39,-12.42,3.46,32.9,-13.51,4.76
1967,4998.44,2639.29,29.73,25.9,3.04,33.9,24.49,4.21
1968,5721.11,2884.73,14.46,9.3,4.72,35.5,8.79,5.21
1969,5028.05,2387.32,-12.11,-17.24,6.2,37.7,-17.54,6.58
1970,5008.28,2252.47,-0.39,-5.65,5.57,39.8,-6.49,6.52
1971,5844.02,2545.21,16.69,13.0,3.27,41.1,11.78,4.39
1972,6860.36,2889.42,17.39,13.52,3.41,42.5,13.05,3.84
1973,5415.28,2098.13,-21.06,-27.39,8.71,46.2,-26.18,6.93
1974,3757.66,1295.99,-30.61,-38.23,12.34,51.9,-35.75,8.0
1975,5265.29,1698.18,40.12,31.03,6.94,55.5,32.44,5.8
1976,6745.0,2074.49,28.1,22.16,4.86,58.2,21.91,5.08
1977,6504.68,1874.94,-3.56,-9.62,6.7,62.1,-8.26,5.12
1978,7043.52,1862.32,8.28,-0.67,9.02,67.7,1.03,7.18
1979,8792.34,2051.93,24.83,10.18,13.29,76.7,13.09,10.38
1980,11945.05,2477.59,35.86,20.74,12.52,86.3,22.13,11.24
1981,11217.96,2136.19,-6.09,-13.78,8.92,94.0,-18.13,14.71
1982,13722.21,2516.68,22.32,17.81,3.83,97.6,10.66,10.54
1983,16982.61,3000.88,23.76,19.24,3.79,101.3,13.75,8.8
1984,17526.75,2979.38,3.2,-0.72,3.95,105.3,-6.05,9.85
1985,23582.77,3862.14,34.55,29.63,3.8,109.3,24.91,7.72
1986,27569.06,4465.94,16.9,15.63,1.1,110.5,10.12,6.16
1987,27951.8,4335.68,1.39,-2.92,4.43,115.4,-3.87,5.47
1988,33160.18,4925.87,18.63,13.61,4.42,120.5,11.55,6.35
1989,43298.91,6146.32,30.58,24.78,4.65,126.1,20.49,8.37
1990,40168.62,5373.83,-7.23,-12.57,6.11,133.8,-13.95,7.81
1991,54795.65,7112.71,36.41,32.36,3.06,137.9,29.18,5.6
1992,60252.57,7600.57,9.96,6.86,2.9,141.9,6.23,3.51
1993,67090.09,8236.71,11.35,8.37,2.75,145.8,8.21,2.9
1994,66848.63,7993.26,-0.36,-2.96,2.67,149.7,-4.1,3.9
1995,92631.03,10801.92,38.57,35.14,2.54,153.5,31.22,5.6
1996,113011.26,12754.74,22.0,18.08,3.32,158.6,15.96,5.21
1997,149836.54,16627.86,32.59,30.37,1.7,161.3,25.96,5.26
1998,187693.87,20498.6,25.27,23.28,1.61,163.9,19.46,4.86
1999,236893.46,25195.44,26.21,22.91,2.68,168.3,20.57,4.68
2000,206697.5,21263.71,-12.75,-15.6,3.39,174.0,-17.6,5.89
2001,181971.23,18433.98,-11.96,-13.31,1.55,176.7,-15.21,3.83
2002,142873.72,14137.31,-21.49,-23.31,2.38,180.9,-22.76,1.65
2003,188712.83,18328.59,32.08,29.65,1.88,184.3,30.75,1.02
2004,211450.16,19889.43,12.05,8.52,3.26,190.3,10.72,1.2
2005,224479.89,20417.63,6.16,2.66,3.42,196.8,3.09,2.98
2006,260191.95,23079.46,15.91,13.04,2.54,201.8,10.6,4.8
2007,275148.99,23449.16,5.75,1.6,4.08,210.036,1.04,4.66
2008,172371.38,14676.67,-37.35,-37.41,0.09,210.228,-38.34,1.6
2009,221304.61,18343.93,28.39,24.99,2.72,215.949,28.26,0.1
2010,260056.92,21238.43,17.51,15.78,1.5,219.179,17.37,0.12
2011,261305.65,20726.41,0.48,-2.41,2.96,225.672,0.44,0.04
2012,304002.37,23700.43,16.34,14.35,1.74,229.601,16.27,0.06
2013,411093.41,31575.21,35.23,33.23,1.5,233.049,35.2,0.02
2014,459324.29,35014.84,11.73,10.89,0.76,234.812,11.71,0.02
2015,459829.63,34799.49,0.11,-0.62,0.73,236.525,0.09,0.02
2016,522028.94,38703.73,13.53,11.22,2.07,241.432,13.3,0.2
2017,639391.91,46425.97,22.48,19.95,2.11,246.524,21.51,0.8
2018,605841.83,43165.38,-5.25,-7.02,1.91,251.233,-6.95,1.83
2019,793883.14,55299.4,31.04,28.11,2.29,256.974,28.28,2.15
2020,986133.61,67767.96,24.22,22.55,1.36,260.474,23.66,0.45
2021,1218954.08,78260.84,23.61,15.48,7.04,278.802,23.56,0.04
2022,981014.24,59165.54,-19.52,-24.4,6.45,296.797,,
2023,1236568.46,72159.3,26.05,21.96,3.35,306.746,,
2024,1530995.4,86832.65,23.81,20.33,2.89,315.605,,
2025,1792795.62,99029.92,17.1,14.05,2.68,324.054,,
